{
    "Catalogue": [
        {
            "TopLevelCategory": "Foundations",
            "Category": "Security",
            "Kits": [
                {
                    "Name": "Foundational Security Controls",
                    "Description": "This kit deploys baseline security controls in the account - Amazon GuardDuty, AWS Config and AWS CloudTrail.",
                    "Templates": [
                        "management-governance.json"
                    ],
                    "VpcRequired": false
                }
            ]
        },
        {
            "TopLevelCategory": "Foundations",
            "Category": "Cost Management",
            "Kits": [
                {
                    "Name": "Cost Management Foundations",
                    "Description": "This stack creates an AWS Budget and budget alert in the target account.",
                    "Templates": [
                        "cost-management.json"
                    ],
                    "VpcRequired": false
                }
            ]
        }
    ]
}