{
  "Catalogue": [
    {
      "TopLevelCategory": "Foundations",
      "Category": "Networking",
      "Description": "These kits help you establish good foundations in an AWS Account. They include basic security and compliance tools, cost controls and network setup.",
      "Kits": [
        {
          "Name": "VPC with NAT",
          "Manifest": "vpc-with-nat.json",
          "Description": "This stack creates and Amazon VPC (Virtual Private Cloud) in the target account. A VPC is a pre-requisite for a range of other services you may want to create in this account, eg EC2 instances must be created in a VPC.<br>This VPC will create 3 public subnets and 3 private subnets. The public subnets will be accessible from the Internet via an Internet Gateway.<br>NAT Gateways enable outbound access to the Internet from the private subnets - add more than one to have multi-AZ resilience for NAT. ",
          "CostCalculator": "https://calculator.aws/#/estimate?id=8959e91d8c49f6c9ac695cb2dce398b032c4169b"
        },
        {
          "Name": "VPC without NAT",
          "Manifest": "vpc-without-nat.json",
          "Description": "This stack creates and Amazon VPC (Virtual Private Cloud) in the target account. A VPC is a pre-requisite for a range of other services you may want to create in this account, eg EC2 instances must be created in a VPC.<br>This VPC will create 3 public subnets and 3 private subnets. The public subnets will be accessible from the Internet via an Internet Gateway.",
          "CostCalculator": "https://calculator.aws/#/estimate?id=f5d27ea6e30b72437f63c27338f9315e3fd3a36e"
        }
      ]
    },
    {
      "TopLevelCategory": "Basic Components",
      "Category": "Virtual Machines",
      "Kits": [
        {
          "Name": "Single EC2 instance",
          "Description": "A kit to create a single server instance, with or without a DNS hostname and SSL certificate. Each unique server name you specify will be created in its own CloudFormation stack.",
          "Manifest": "ec2.json",
          "AllowUpdates": "false"
        }
      ]
    },
    {
      "TopLevelCategory": "Common Patterns",
      "Category": "Messaging and Events",
      "Kits": [
        {
          "Name": "Simple Queue",
          "Description": "If you need to start out with message queues and notifications, the kits you need are here.",
          "Manifest": "queue.json"
        }
      ]
    }
  ]
}