{
    "ConfigFile": "parameters.json",
    "ParameterGroups": [
        {
            "Label": {
                "default": "Server Details"
            },
            "Parameters": [
                "ec2Name",
                "os",
                "diskSize",
                "instanceType",
                "amiId",
                "customAmiId",
                "keyPair",
                "userData"
            ]
        },
        {
            "Label": {
                "default": "Networking Details"
            },
            "Parameters": [
                "vpcId",
                "subnetId",
                "hostedZoneId",
                "hostedZoneName",
                "subdomain"
            ]
        }
    ],
    "Parameters": {
        "ec2Name": {
            "Label": "Instance Name",
            "Description": "What name would you like to use to identify this instance?",
            "Type": "String",
            "Default": "MyWebServer",
            "AllowedPattern": "\\w{1,30}"
        },
        "os": {
            "Label": "Operating System",
            "Description": "The OS that your server will run",
            "AllowedValues": [
                "Windows",
                "Linux"
            ],
            "Default": "Linux"
        },
        "diskSize": {
            "Label": "Disk Size",
            "Description": "The size of the disk in GB must be greater than 4GB and less than 1000GB",
            "Type": "Number",
            "MinValue": 4,
            "Default": 20
        },
        "instanceType": {
            "Label": "Instance Type",
            "Description": "The instance type determines the hardware configuration of the instance",
            "Type": "String",
            "Default": "t3.nano"
        },
        "amiId": {
            "Label": "The AMI to deploy",
            "Description": "The AMI determines the OS that you server will run",
            "Type": "AWS::EC2::Image::Id"
        },
        "customAmiId": {
            "Label": "Custom AMI",
            "Description": "If you have a specific AMI ID from this Region you want to use, enter it here.",
            "Type": "String",
            "Default": "ami-..."
        },
        "keyPair": {
            "Label": "EC2 KeyPair",
            "Description": "Name of an existing EC2 KeyPair to enable SSH access to the instance",
            "Type": "AWS::EC2::KeyPair::KeyName"
        },
        "hostedZoneId": {
            "Label": "Hosted Zone ID",
            "Description": "Name of an existing hosted zone",
            "Type": "AWS::Route53::HostedZone::Id"
        },
        "hostedZoneName": {
            "Label": "Hosted Zone Name",
            "Description": "FQDN for the Hosted Zone",
            "Type": "String"
        },
        "subdomain": {
            "Label": "Subdomain",
            "Description": "String at the start of the domain name",
            "Type": "String",
            "Default": "www"
        },
        "userDataFile": {
            "Label": "User Data",
            "Description": "Commands that will be executed when the instance boots",
            "Type": "String"
        },
        "vpcId": {
            "Label": "VPC",
            "Description": "The VPC where the instance is going to be deployed",
            "Type": "AWS::EC2::VPC::Id"
        },
        "subnetId": {
            "Label": "Subnet",
            "Description": "The Subnet where this instance is going to be deployed",
            "Type": "AWS::EC2::Subnet::Id"
        }
    },
    "Tags": {},
    "Stacks": [
        {
            "name": "csk-ec2-stack",
            "resourceCount": 15,
            "hasOutputs": false
        }
    ],
    "FileList": [
        "ec2/bin/ec2.js",
        "ec2/lib/ec2.js",
        "ec2/buildspec.yml",
        "ec2/cdk.json",
        "ec2/package.json",
        "ec2/parameters-template.json"
    ]
}