{
    "ConfigFile": "parameters.json",
    "Parameters": {
        "fifo": {
            "Label": "FIFO Queue",
            "Description": "Should this be a FIFO queue?",
            "AllowedValues": [
                true,
                false
            ],
            "Default": false
        }
    },
    "Tags": {},
    "Stacks": [
        {
            "name": "queue-stack",
            "resourceCount": 2,
            "hasOutputs": false
        }
    ],
    "CodeBuildPolicy": {
        "Version": "2012-10-17",
        "Statement": [
            {
                "Sid": "AllowAllAccess",
                "Effect": "Allow",
                "Action": "*",
                "Resource": "*"
            }
        ]
    }
}