{
    "ConfigFile": "parameters.json",
    "Parameters": {},
    "Tags": {},
    "Stacks": [
        {
            "name": "csk-vpc-without-nat-stack",
            "resourceCount": 28,
            "hasOutputs": false
        }
    ],
    "FileList": [
        "vpc-without-nat/bin/vpc-without-nat.js",
        "vpc-without-nat/lib/vpc-without-nat.js",
        "vpc-without-nat/buildspec.yml",
        "vpc-without-nat/cdk.json",
        "vpc-without-nat/package.json",
        "vpc-without-nat/parameters-template.json"
    ]
}